device,t_rel_hours,spreading_factor,snr,rssi,snr_demod_limit,snr_margin_db,f_cnt_gap,missed_frames
D01,394.17,12,-15.5,-118,-20,4.5,,0
D01,401.17,12,-16,-102,-20,4,1,0
D01,499.18,12,-12.5,-123,-20,7.5,-2,0
D02,397.25,12,-12.8,-121,-20,7.2,,0
D02,418.25,12,-13,-118,-20,7,3,2
D02,516.26,12,-11.2,-121,-20,8.8,-2,0
D02,523.26,12,-11.5,-121,-20,8.5,1,0
D02,565.26,12,-10.2,-119,-20,9.8,6,5
D02,579.26,12,-13.8,-121,-20,6.2,2,1
D02,593.26,12,-13,-107,-20,7,2,1
D03,341.8,12,-7,-120,-20,13,,0
D03,369.81,12,-11,-111,-20,9,4,3
D03,418.81,12,-6,-115,-20,14,7,6
D03,453.81,12,-11.8,-117,-20,8.2,5,4
D03,467.81,11,-7.2,-120,-17.5,10.3,2,1
D03,488.81,11,-8,-119,-17.5,9.5,3,2
D03,502.81,11,-10.8,-120,-17.5,6.7,2,1
D03,537.82,12,-12.5,-106,-20,7.5,5,4
D03,551.82,12,-7,-117,-20,13,2,1
D03,565.82,11,-7.5,-121,-17.5,10,2,1
D03,586.82,11,-3.5,-117,-17.5,14,3,2
D03,628.82,12,-8.2,-118,-20,11.8,6,5
D03,642.82,12,-10.5,-120,-20,9.5,2,1
D03,649.82,12,-8,-123,-20,12,1,0
D03,663.82,12,-15.8,-113,-20,4.2,2,1
D03,670.82,12,-8,-121,-20,12,1,0
D03,677.82,12,-10.5,-120,-20,9.5,1,0
D03,684.82,12,-8,-119,-20,12,1,0
D03,691.82,12,-7,-121,-20,13,1,0
D03,726.83,12,-7.2,-120,-20,12.8,5,4
D03,733.83,11,-6.5,-108,-17.5,11,1,0
D03,747.83,11,-9.8,-120,-17.5,7.7,2,1
D03,754.83,11,-7.5,-121,-17.5,10,1,0
D04,351.68,11,-5.8,-121,-17.5,11.7,,0
D04,400.68,12,-6.2,-120,-20,13.8,7,6
D04,428.68,11,-6.5,-118,-17.5,11,4,3
D04,449.68,11,-14.8,-118,-17.5,2.7,3,2
D04,463.68,11,-3,-112,-17.5,14.5,2,1
D04,505.69,12,-5.8,-115,-20,14.2,6,5
D04,519.69,11,,-113,-17.5,,2,1
D04,561.69,10,-0.5,-111,-15,14.5,6,5
D04,589.69,9,,-119,-12.5,,4,3
D04,631.7,11,-1.2,-118,-17.5,16.3,6,5
D04,673.7,11,-1.2,-114,-17.5,16.3,6,5
D04,715.7,11,-5,-119,-17.5,12.5,6,5
D04,743.7,9,-4,-119,-12.5,8.5,4,3
D05,674.62,12,-16,-117,-20,4,,0
D05,681.62,12,-11.5,-121,-20,8.5,1,0
D05,758.63,12,-16.2,-125,-20,3.8,-2,0
D06,380.49,12,-12,-119,-20,8,,0
D06,387.5,12,-9.2,-121,-20,10.8,1,0
D06,394.5,12,-9,-117,-20,11,1,0
D06,422.5,12,-6.8,-119,-20,13.2,4,3
D06,436.5,11,-8.2,-115,-17.5,9.3,2,1
D06,485.5,12,-12.5,-120,-20,7.5,7,6
D06,492.5,12,-13.8,-120,-20,6.2,1,0
D06,499.5,12,-11.8,-114,-20,8.2,1,0
D06,534.51,12,-13.8,-121,-20,6.2,5,4
D06,555.51,12,-7.5,-123,-20,12.5,3,2
D06,562.51,12,-12.8,-121,-20,7.2,1,0
D06,569.51,12,-12.2,-121,-20,7.8,1,0
D06,583.51,12,-11,-107,-20,9,2,1
D06,590.51,12,-8.5,-120,-20,11.5,1,0
D06,604.51,12,-11.2,-120,-20,8.8,2,1
D06,611.51,12,-9.2,-121,-20,10.8,1,0
D06,632.51,12,-4.2,-121,-20,15.8,3,2
D06,639.51,11,-3.8,-123,-17.5,13.7,1,0
D06,653.51,10,-9.5,-123,-15,5.5,2,1
D06,660.51,10,-7.2,-123,-15,7.8,1,0
D07,417.89,12,-15.5,-121,-20,4.5,,0
D07,424.89,12,-11.5,-119,-20,8.5,1,0
D07,438.89,12,-15.5,-121,-20,4.5,2,1
D07,445.89,12,-10.5,-123,-20,9.5,1,0
D07,459.89,12,-11.8,-114,-20,8.2,2,1
D07,466.89,12,-10.2,-120,-20,9.8,1,0
D07,487.89,12,-15,-120,-20,5,3,2
D07,508.89,12,-16.2,-121,-20,3.8,3,2
D07,529.89,12,-14.8,-91,-20,5.2,3,2
D07,536.89,12,-13,-121,-20,7,1,0
D07,578.9,12,-13.5,-123,-20,6.5,6,5
D07,585.9,12,-12.8,-117,-20,7.2,1,0
D07,697.9,12,-10,-119,-20,10,-22,0
D07,739.91,12,-13.5,-119,-20,6.5,6,5
D08,498.5,12,-15.5,-121,-20,4.5,,0
D08,512.5,12,-17,-123,-20,3,2,1
D08,519.5,12,-15.2,-123,-20,4.8,1,0
D08,540.5,12,-15,-123,-20,5,3,2
D09,358.64,10,-7.2,-103,-15,7.8,,0
D09,365.64,10,-13.2,-120,-15,1.8,1,0
D09,393.65,10,-4.8,-119,-15,10.2,4,3
D09,400.65,10,-9,-105,-15,6,1,0
D09,407.65,10,-2,-118,-15,13,1,0
D09,463.65,12,-5.5,-119,-20,14.5,8,7
D09,470.65,11,-5.8,-121,-17.5,11.7,1,0
D09,477.65,11,-4.2,-119,-17.5,13.3,1,0
D09,491.65,10,-6,-119,-15,9,2,1
D09,533.65,11,-4,-117,-17.5,13.5,6,5
D09,540.65,10,-3.8,-120,-15,11.2,1,0
D09,582.66,12,0.2,-114,-20,20.2,6,5
D09,596.66,9,1.2,-118,-12.5,13.7,2,1
D09,617.66,8,-1,-119,-10,9,3,2
D09,666.66,10,-1.2,-115,-15,13.8,7,6
D09,687.66,9,1,-120,-12.5,13.5,3,2
D09,694.66,8,-4.8,-115,-10,5.2,1,0
D09,708.66,8,-1.2,-117,-10,8.8,2,1
D09,729.66,8,-0.2,-118,-10,9.8,3,2
D10,385.29,12,-8,-120,-20,12,,0
D10,399.29,12,-5,-103,-20,15,2,1
D10,413.29,11,-2.2,-119,-17.5,15.3,2,1
D10,420.29,10,-3.2,-99,-15,11.8,1,0
D10,441.29,10,-6.5,-120,-15,8.5,3,2
D10,455.29,10,-7.8,-108,-15,7.2,2,1
D10,476.3,10,-8,-117,-15,7,3,2
D10,525.3,12,-12,-123,-20,8,7,6
D10,539.3,12,-5.5,-119,-20,14.5,2,1
D10,560.3,11,-6.5,-100,-17.5,11,3,2
D10,567.3,11,-4,-119,-17.5,13.5,1,0
D10,581.3,10,-5.8,-121,-15,9.2,2,1
D10,588.3,10,-2.8,-119,-15,12.2,1,0
D10,609.3,10,-3,-121,-15,12,3,2
D10,651.31,12,-9.2,-123,-20,10.8,6,5
D10,658.31,12,-4.2,-119,-20,15.8,1,0
D10,665.31,11,-6,-120,-17.5,11.5,1,0
D10,672.31,11,-6.8,-114,-17.5,10.7,1,0
D10,679.31,11,-11.2,-120,-17.5,6.3,1,0
D10,686.31,11,-5,-112,-17.5,12.5,1,0
D10,714.31,11,-2.5,-119,-17.5,15,4,3
D10,749.31,11,-9.2,-114,-17.5,8.3,5,4
D10,756.31,10,-4.8,-125,-15,10.2,1,0
D11,345.04,11,-12,-121,-17.5,5.5,,0
D12,269.61,7,11.8,-95,-7.5,19.3,,0
D12,276.61,7,7,-108,-7.5,14.5,3,2
D12,283.61,7,2.5,-108,-7.5,10,2,1
D12,290.61,7,7,-107,-7.5,14.5,1,0
D12,297.61,7,6.5,-112,-7.5,14,1,0
D12,304.61,7,0.8,-105,-7.5,8.3,1,0
D12,311.61,7,-0.2,-109,-7.5,7.3,1,0
D12,318.61,7,6.5,-109,-7.5,14,1,0
D12,332.61,7,8.2,-93,-7.5,15.7,2,1
D12,339.61,7,8.8,-96,-7.5,16.3,1,0
D12,346.61,7,11.2,-96,-7.5,18.7,1,0
D12,353.61,7,8.5,-97,-7.5,16,1,0
D12,360.61,7,7.2,-99,-7.5,14.7,1,0
D12,367.61,7,8.5,-95,-7.5,16,1,0
D12,374.61,7,8.5,-96,-7.5,16,1,0
D12,381.62,7,6.2,-95,-7.5,13.7,1,0
D12,388.62,7,6.8,-97,-7.5,14.3,1,0
D12,395.62,7,8.8,-101,-7.5,16.3,1,0
D12,402.62,7,3.5,-92,-7.5,11,1,0
D12,409.62,7,8.8,-96,-7.5,16.3,1,0
D12,416.62,7,4.5,-94,-7.5,12,1,0
D12,423.62,7,9.8,-95,-7.5,17.3,1,0
D12,430.62,7,9.8,-93,-7.5,17.3,1,0
D12,437.62,7,9.2,-93,-7.5,16.7,1,0
D12,444.62,7,6.5,-91,-7.5,14,1,0
D12,451.62,7,9.2,-96,-7.5,16.7,1,0
D12,458.62,7,2.8,-93,-7.5,10.3,1,0
D12,465.62,7,9.8,-95,-7.5,17.3,1,0
D12,472.62,7,9,-96,-7.5,16.5,1,0
D12,479.62,7,10.2,-95,-7.5,17.7,1,0
D12,486.62,7,-1,-93,-7.5,6.5,1,0
D12,493.62,7,8.2,-89,-7.5,15.7,1,0
D12,500.62,7,6.5,-99,-7.5,14,1,0
D12,507.62,7,7.5,-96,-7.5,15,1,0
D12,514.62,7,9.8,-95,-7.5,17.3,1,0
D12,521.62,7,2.5,-96,-7.5,10,1,0
D12,528.62,7,7.8,-95,-7.5,15.3,1,0
D12,535.62,7,9.8,-96,-7.5,17.3,1,0
D12,542.62,7,8.5,-96,-7.5,16,1,0
D12,549.62,7,8,-101,-7.5,15.5,1,0
D12,556.62,7,9.2,-99,-7.5,16.7,1,0
D12,563.63,7,8,-99,-7.5,15.5,1,0
D12,570.63,7,8.8,-89,-7.5,16.3,1,0
D12,577.63,7,8.5,-94,-7.5,16,1,0
D12,584.63,7,9,-96,-7.5,16.5,1,0
D12,591.63,7,7.8,-97,-7.5,15.3,1,0
D12,605.63,7,9.8,-99,-7.5,17.3,2,1
D12,612.63,7,8.8,-97,-7.5,16.3,1,0
D12,619.63,7,-3.2,-101,-7.5,4.3,1,0
D12,626.63,7,8.5,-99,-7.5,16,1,0
D12,633.63,7,7,-97,-7.5,14.5,1,0
D12,640.63,7,9.8,-101,-7.5,17.3,1,0
D12,654.63,7,9.5,-101,-7.5,17,2,1
D12,661.63,7,6.8,-111,-7.5,14.3,1,0
D12,668.63,7,6.5,-114,-7.5,14,1,0
D12,675.63,7,4,-113,-7.5,11.5,1,0
D12,682.63,7,7.5,-111,-7.5,15,1,0
D12,703.63,7,-0.5,-105,-7.5,7,3,2
D12,710.63,7,7,-105,-7.5,14.5,1,0
D12,724.63,7,4.5,-111,-7.5,12,2,1
D12,731.63,7,8,-106,-7.5,15.5,1,0
D12,745.63,7,4.5,-111,-7.5,12,2,1
D12,752.64,7,6.5,-111,-7.5,14,1,0
D13,465.93,12,-10.5,-120,-20,9.5,,0
D13,472.93,12,-11,-120,-20,9,1,0
D13,493.93,12,-8.8,-120,-20,11.2,3,2
D13,605.94,12,-11.2,-121,-20,8.8,2,1
D13,633.94,12,-13,-121,-20,7,4,3
D13,647.94,12,-7.5,-120,-20,12.5,2,1
D13,661.94,12,-6.2,-120,-20,13.8,2,1
D14,369.03,9,-2.5,-118,-12.5,10,,0
D14,390.03,9,-7.5,-119,-12.5,5,3,2
D14,397.03,9,-6.2,-115,-12.5,6.3,1,0
D14,432.03,10,-6,-120,-15,9,5,4
D14,453.03,10,-13.2,-106,-15,1.8,3,2
D14,474.04,10,-6.2,-112,-15,8.8,3,2
D14,488.04,10,-4.5,-119,-15,10.5,2,1
D14,495.04,10,-3.2,-119,-15,11.8,1,0
D14,509.04,10,-4.2,-121,-15,10.8,2,1
D14,523.04,10,-4,-121,-15,11,2,1
D14,537.04,10,-3.8,-120,-15,11.2,2,1
D14,558.04,11,-3.8,-119,-17.5,13.7,6,5
D14,565.04,10,-0.2,-112,-15,14.8,1,0
D14,572.04,9,-2.5,-119,-12.5,10,1,0
D14,579.04,9,-3.2,-123,-12.5,9.3,1,0
D14,607.04,9,-5.8,-121,-12.5,6.7,4,3
D14,621.04,9,-0.5,-115,-12.5,12,2,1
D14,649.04,9,-2.5,-117,-12.5,10,4,3
D14,656.05,9,-0.8,-120,-12.5,11.7,1,0
D14,698.05,12,-8.8,-113,-20,11.2,6,5
D14,705.05,12,-2.8,-91,-20,17.2,1,0
D14,719.05,10,-6,-118,-15,9,2,1
D14,733.05,10,-3.8,-117,-15,11.2,2,1
D14,754.05,10,-3.5,-120,-15,11.5,3,2
D15,462.58,11,-12.2,-120,-17.5,5.3,,0
D15,490.58,12,-9.8,-121,-20,10.2,4,3
D15,497.58,12,-9.2,-123,-20,10.8,1,0
D15,504.58,12,-11.2,-118,-20,8.8,1,0
D15,518.58,12,-6.8,-120,-20,13.2,2,1
D15,560.59,12,-10.5,-120,-20,9.5,6,5
D15,595.59,12,-10.2,-117,-20,9.8,5,4
D15,630.59,11,-6,-120,-17.5,11.5,5,4
D15,637.59,11,-7.2,-105,-17.5,10.3,1,0
D15,735.6,10,-7.5,-98,-15,7.5,-28,0
D16,331.15,9,1,-121,-12.5,13.5,,0
D16,345.15,8,-6.5,-119,-10,3.5,2,1
D16,415.15,12,-6.5,-120,-20,13.5,10,9
D16,422.15,11,-9,-120,-17.5,8.5,1,0
D16,443.15,11,-3.5,-116,-17.5,14,3,2
D16,457.16,10,-1.8,-120,-15,13.2,2,1
D16,464.16,9,-4.8,-123,-12.5,7.7,1,0
D16,492.16,10,-1,-117,-15,14,4,3
D16,527.16,9,-10.8,-119,-12.5,1.7,5,4
D16,534.16,9,-2.2,-120,-12.5,10.3,1,0
D16,590.16,12,-13.8,-107,-20,6.2,8,7
D16,597.16,12,-13,-119,-20,7,1,0
D16,604.17,12,-3.5,-119,-20,16.5,1,0
D16,611.17,10,-0.8,-117,-15,14.2,1,0
D16,639.17,10,-2.2,-118,-15,12.8,4,3
D16,674.17,12,-3.8,-119,-20,16.2,8,7
D16,702.17,11,-4,-111,-17.5,13.5,4,3
D16,716.17,10,-10,-119,-15,5,2,1
D16,744.17,11,-6.8,-118,-17.5,10.7,4,3
D16,751.17,11,-5.5,-123,-17.5,12,1,0
D16,758.17,11,-1.2,-117,-17.5,16.3,1,0
D17,335.05,12,-6.8,-119,-20,13.2,,0
D17,370.05,11,-6.8,-120,-17.5,10.7,7,6
D17,384.05,11,-7.5,-115,-17.5,10,3,2
D17,398.05,11,-9.5,-118,-17.5,8,2,1
D17,419.06,11,-13,-121,-17.5,4.5,3,2
D17,468.06,12,-11.5,-121,-20,8.5,7,6
D17,482.06,12,-6.2,-123,-20,13.8,2,1
D17,489.06,11,-5,-120,-17.5,12.5,1,0
D17,496.06,11,-2.5,-119,-17.5,15,1,0
D17,503.06,10,-4,-105,-15,11,1,0
D17,538.06,11,-7.5,-119,-17.5,10,5,4
D17,559.06,11,-9,-118,-17.5,8.5,3,2
D17,566.06,11,-6.5,-120,-17.5,11,1,0
D17,580.07,11,-7.2,-120,-17.5,10.3,2,1
D17,601.07,11,-9.2,-117,-17.5,8.3,3,2
D17,650.07,12,-6.8,-123,-20,13.2,7,6
D17,657.07,11,-4,-120,-17.5,13.5,1,0
D17,664.07,10,-6.2,-119,-15,8.8,1,0
D17,713.07,12,-7,-93,-20,13,7,6
D17,755.08,12,-8.5,-120,-20,11.5,6,5
D18,356.17,12,-6.5,-118,-20,13.5,,0
D18,370.17,11,3.5,-112,-17.5,21,2,1
D18,398.17,8,0.8,-117,-10,10.8,4,3
D18,412.17,8,-6,-115,-10,4,2,1
D18,426.17,8,2.2,-117,-10,12.2,2,1
D18,468.18,11,-5.5,-120,-17.5,12,6,5
D18,496.18,12,-0.2,-113,-20,19.8,4,3
D18,531.18,9,-2.5,-115,-12.5,10,5,4
D18,559.18,10,-1.2,-105,-15,13.8,4,3
D18,573.18,9,-1,-115,-12.5,11.5,2,1
D18,608.18,11,1,-113,-17.5,18.5,5,4
D18,615.18,9,0.2,-119,-12.5,12.7,1,0
D18,629.18,9,-5.2,-119,-12.5,7.3,2,1
D18,636.19,9,5.5,-115,-12.5,18,1,0
D18,643.19,7,-4.8,-115,-7.5,2.7,1,0
D18,657.19,7,0.2,-119,-7.5,7.7,2,1
D18,671.19,7,-3.2,-118,-7.5,4.3,2,1
D18,727.19,11,-1.2,-119,-17.5,16.3,8,7
D18,741.19,9,-2.2,-115,-12.5,10.3,2,1
D19,357.46,9,5.5,-109,-12.5,18,,0
D19,399.47,10,5,-112,-15,20,6,5
D19,406.47,7,0.8,-105,-7.5,8.3,1,0
D19,420.47,7,4.8,-112,-7.5,12.3,2,1
D19,441.47,7,1.2,-111,-7.5,8.7,3,2
D19,448.47,7,-5,-109,-7.5,2.5,1,0
D19,455.47,7,6.2,-111,-7.5,13.7,1,0
D19,490.47,8,4.8,-105,-10,14.8,5,4
D19,497.47,7,7.8,-107,-7.5,15.3,1,0
D19,504.47,7,6,-111,-7.5,13.5,1,0
D19,518.47,7,6.5,-108,-7.5,14,2,1
D19,532.47,7,6.8,-113,-7.5,14.3,2,1
D19,567.48,7,6.5,-109,-7.5,14,5,4
D19,574.48,7,2.2,-114,-7.5,9.7,1,0
D19,581.48,7,-0.5,-111,-7.5,7,1,0
D19,588.48,7,-3.2,-120,-7.5,4.3,1,0
D19,616.48,8,3.8,-109,-10,13.8,4,3
D19,623.48,7,2.5,-102,-7.5,10,1,0
D19,637.48,7,6,-105,-7.5,13.5,2,1
D19,644.48,7,6,-111,-7.5,13.5,1,0
D19,651.48,7,4,-115,-7.5,11.5,1,0
D19,672.48,7,8.2,-106,-7.5,15.7,2,1
D19,679.48,7,4.8,-115,-7.5,12.3,1,0
D19,686.48,7,1,-115,-7.5,8.5,1,0
D19,735.49,9,-3.8,-119,-12.5,8.7,7,6
D19,742.49,9,4,-111,-12.5,16.5,1,0
D20,351.79,10,11.8,-93,-15,26.8,,0
D20,358.79,7,7.5,-103,-7.5,15,1,0
D20,365.79,7,9.8,-101,-7.5,17.3,1,0
D20,379.79,7,7.5,-108,-7.5,15,2,1
D20,393.79,7,9,-97,-7.5,16.5,2,1
D20,414.79,7,8.8,-99,-7.5,16.3,3,2
D20,428.79,7,6.2,-109,-7.5,13.7,2,1
D20,435.79,7,6.8,-107,-7.5,14.3,1,0
D20,442.79,7,4,-117,-7.5,11.5,1,0
D20,456.8,7,7.8,-102,-7.5,15.3,2,1
D20,470.8,7,9.5,-102,-7.5,17,3,2
D20,484.8,7,4.8,-115,-7.5,12.3,4,3
D20,491.8,7,4.8,-112,-7.5,12.3,1,0
D20,498.8,7,3.5,-117,-7.5,11,1,0
D20,512.8,7,2.5,-118,-7.5,10,2,1
D20,533.8,7,2,-115,-7.5,9.5,3,2
D20,547.8,7,1.8,-113,-7.5,9.3,2,1
D20,554.8,7,3.2,-114,-7.5,10.7,1,0
D20,568.8,7,-5.8,-113,-7.5,1.7,2,1
D20,582.8,7,6.5,-103,-7.5,14,2,1
D20,589.8,7,6,-99,-7.5,13.5,1,0
D20,596.8,7,7,-97,-7.5,14.5,1,0
D20,603.8,7,7.8,-98,-7.5,15.3,1,0
D20,610.8,7,8.8,-100,-7.5,16.3,1,0
D20,617.8,7,6.2,-101,-7.5,13.7,1,0
D20,624.81,7,7,-101,-7.5,14.5,1,0
D20,631.81,7,8.5,-103,-7.5,16,1,0
D20,638.81,7,9.8,-99,-7.5,17.3,1,0
D20,652.81,7,7.5,-101,-7.5,15,2,1
D20,659.81,7,10.2,-99,-7.5,17.7,1,0
D20,666.81,7,6.8,-97,-7.5,14.3,1,0
D20,673.81,7,9,-99,-7.5,16.5,1,0
D20,680.81,7,3.8,-115,-7.5,11.3,1,0
D20,687.81,7,6.5,-112,-7.5,14,1,0
D20,708.81,7,10.2,-101,-7.5,17.7,3,2
D20,729.81,7,8.2,-101,-7.5,15.7,3,2
D20,736.81,7,0.2,-112,-7.5,7.7,1,0
D20,750.81,7,9.8,-101,-7.5,17.3,2,1
D20,757.81,7,9,-100,-7.5,16.5,1,0
D21,363.36,9,5.2,-112,-12.5,17.7,,0
D21,370.36,7,6.5,-110,-7.5,14,1,0
D21,377.36,7,1.2,-113,-7.5,8.7,1,0
D21,391.36,7,6.2,-111,-7.5,13.7,2,1
D21,398.36,7,3.8,-112,-7.5,11.3,1,0
D21,405.36,7,3.5,-114,-7.5,11,1,0
D21,412.36,7,5,-114,-7.5,12.5,1,0
D21,419.36,7,-2.5,-110,-7.5,5,1,0
D21,447.37,7,3,-113,-7.5,10.5,4,3
D21,468.37,7,5.8,-112,-7.5,13.3,3,2
D21,482.37,7,3,-113,-7.5,10.5,2,1
D21,496.37,7,3.5,-115,-7.5,11,2,1
D21,503.37,7,-1,-115,-7.5,6.5,1,0
D21,510.37,7,-3,-119,-7.5,4.5,1,0
D21,524.37,7,-3.2,-121,-7.5,4.3,2,1
D21,538.37,7,3,-115,-7.5,10.5,2,1
D21,545.37,7,7,-112,-7.5,14.5,1,0
D21,566.37,7,3.8,-114,-7.5,11.3,3,2
D21,615.38,10,0.5,-113,-15,15.5,7,6
D21,643.38,10,7.5,-110,-15,22.5,4,3
D21,664.38,7,0.2,-113,-7.5,7.7,3,2
D21,671.38,7,3.2,-109,-7.5,10.7,1,0
D21,692.38,7,7.5,-109,-7.5,15,3,2
D21,699.38,7,1.2,-115,-7.5,8.7,1,0
D21,720.38,7,3.5,-117,-7.5,11,3,2
D21,727.38,7,4,-112,-7.5,11.5,1,0
D21,734.38,7,6,-115,-7.5,13.5,1,0
D21,748.39,7,2,-118,-7.5,9.5,2,1
D22,344.35,10,5,-105,-15,20,,0
D22,351.35,7,1.2,-114,-7.5,8.7,1,0
D22,365.35,7,3.5,-114,-7.5,11,2,1
D22,400.35,9,-1,-115,-12.5,11.5,5,4
D22,421.35,9,4.8,-113,-12.5,17.3,3,2
D22,428.35,7,5.8,-108,-7.5,13.3,1,0
D22,442.35,7,5.8,-112,-7.5,13.3,2,1
D22,463.35,7,3,-112,-7.5,10.5,3,2
D22,470.35,7,4.8,-114,-7.5,12.3,1,0
D22,484.35,7,-6,-119,-7.5,1.5,2,1
D22,498.36,7,1.2,-115,-7.5,8.7,2,1
D22,512.36,7,4,-113,-7.5,11.5,2,1
D22,519.36,7,7.5,-111,-7.5,15,1,0
D22,540.36,7,6.5,-114,-7.5,14,3,2
D22,547.36,7,-0.5,-113,-7.5,7,1,0
D22,554.36,7,-3.8,-108,-7.5,3.7,1,0
D22,561.36,7,2.2,-114,-7.5,9.7,1,0
D22,582.36,7,5.8,-107,-7.5,13.3,3,2
D22,589.36,7,4.8,-113,-7.5,12.3,1,0
D22,617.36,7,-2.5,-113,-7.5,5,4,3
D22,631.36,7,5.5,-109,-7.5,13,2,1
D22,638.36,7,2.2,-117,-7.5,9.7,1,0
D22,652.36,7,2,-108,-7.5,9.5,2,1
D22,659.36,7,3.5,-109,-7.5,11,1,0
D22,673.37,7,6,-112,-7.5,13.5,2,1
D22,694.37,7,-5.2,-113,-7.5,2.3,3,2
D22,708.37,7,-1,-117,-7.5,6.5,2,1
D22,757.37,9,5.5,-113,-12.5,18,7,6
D23,17.84,11,-8.8,-117,-17.5,8.7,,0
D23,31.84,11,-6.5,-114,-17.5,11,2,1
D23,38.84,11,-7.8,-108,-17.5,9.7,1,0
D23,52.84,11,-5,-120,-17.5,12.5,2,1
D23,87.84,12,-13.8,-121,-20,6.2,5,4
D23,290.85,11,-9.5,-119,-17.5,8,-58,0
D23,297.85,11,-6.8,-120,-17.5,10.7,1,0
D23,332.86,12,-10.5,-117,-20,9.5,5,4
D23,353.86,12,-7.8,-120,-20,12.2,3,2
D23,360.86,12,-8.8,-113,-20,11.2,1,0
D23,528.87,10,-8,-93,-15,7,-14,0
D23,549.87,10,-9.5,-114,-15,5.5,3,2
D23,647.88,12,-6.5,-120,-20,13.5,16,15
D23,654.88,11,-6.2,-120,-17.5,11.3,1,0
D23,703.88,12,-10.2,-120,-20,9.8,9,8
D23,710.88,12,-8,-120,-20,12,1,0
D23,717.88,12,-14.8,-115,-20,5.2,1,0
D23,724.88,12,-2.2,-117,-20,17.8,1,0
D23,759.88,11,-6.8,-119,-17.5,10.7,5,4
D24,0.0,8,-3.8,-120,-10,6.2,,0
D24,21.0,8,-2,-121,-10,8,3,2
D24,77.01,11,-3,-115,-17.5,14.5,8,7
D24,84.01,10,-0.2,-119,-15,14.8,1,0
D24,217.01,10,-5,-118,-15,10,-67,0
D24,224.01,10,-2.8,-119,-15,12.2,1,0
D24,231.01,10,-2,-117,-15,13,1,0
D24,273.02,11,-1.2,-118,-17.5,16.3,6,5
D24,308.02,10,-9.5,-121,-15,5.5,5,4
D24,336.02,10,-5.5,-118,-15,9.5,4,3
D24,392.02,12,-4.2,-120,-20,15.8,8,7
D24,399.02,11,-8.5,-119,-17.5,9,1,0
D24,406.03,11,-10.2,-119,-17.5,7.3,1,0
D24,413.03,11,-5.8,-120,-17.5,11.7,1,0
D24,420.03,11,-10.5,-119,-17.5,7,1,0
D24,427.03,11,-6.2,-121,-17.5,11.3,1,0
D24,434.03,11,-9.5,-107,-17.5,8,1,0
D24,441.03,11,-9,-97,-17.5,8.5,1,0
D24,462.03,11,-9.5,-120,-17.5,8,3,2
D24,469.03,11,-8.5,-123,-17.5,9,1,0
D24,490.03,11,-8.5,-117,-17.5,9,3,2
D24,532.03,12,-14.5,-108,-20,5.5,6,5
D24,539.03,12,-8.2,-120,-20,11.8,1,0
D24,553.03,12,-12.8,-119,-20,7.2,2,1
D24,574.04,12,-9,-121,-20,11,3,2
D24,581.04,12,-8.2,-119,-20,11.8,1,0
D24,588.04,12,-12,-125,-20,8,1,0
D24,616.04,12,-13.5,-115,-20,6.5,4,3
D24,630.04,12,-8,-121,-20,12,2,1
D24,644.04,12,-7,-115,-20,13,2,1
D24,658.04,11,-8.2,-119,-17.5,9.3,2,1
D24,665.04,11,-9.5,-91,-17.5,8,1,0
D24,714.04,12,-10,-120,-20,10,7,6
D24,721.04,12,-8,-86,-20,12,1,0
D24,728.05,12,-6.2,-119,-20,13.8,1,0
D24,742.05,11,-4.5,-120,-17.5,13,2,1
D24,749.05,10,-6.5,-120,-15,8.5,1,0
D24,756.05,10,-3.5,-119,-15,11.5,1,0
D25,369.52,10,-1,-115,-15,14,,0
D25,390.52,9,-3.8,-111,-12.5,8.7,3,2
D25,397.52,9,-6.5,-119,-12.5,6,1,0
D25,432.52,11,-7,-114,-17.5,10.5,5,4
D25,446.52,11,-3.2,-117,-17.5,14.3,2,1
D25,460.52,10,-9.5,-120,-15,5.5,2,1
D25,481.52,10,-5.2,-112,-15,9.8,3,2
D25,488.52,10,-4.2,-120,-15,10.8,1,0
D25,509.52,10,-0.2,-118,-15,14.8,3,2
D25,516.53,9,-5,-119,-12.5,7.5,1,0
D25,537.53,9,0.5,-119,-12.5,13,3,2
D25,558.53,8,-4,-118,-10,6,3,2
D25,607.53,11,-7.8,-120,-17.5,9.7,7,6
D25,614.53,11,-3.8,-103,-17.5,13.7,1,0
D25,628.53,10,-1.5,-120,-15,13.5,2,1
D25,656.53,10,-2,-117,-15,13,4,3
D25,691.53,9,-2.2,-107,-12.5,10.3,5,4
D25,705.53,9,-5,-123,-12.5,7.5,2,1
D25,740.53,10,-3.8,-118,-15,11.2,5,4
D25,747.53,10,-3.2,-119,-15,11.8,1,0
D25,754.53,10,-6,-117,-15,9,1,0
D26,385.28,12,-10.8,-119,-20,9.2,,0
D26,406.28,12,-6.2,-119,-20,13.8,3,2
D26,413.28,11,-5.8,-107,-17.5,11.7,1,0
D26,427.29,11,-5.8,-120,-17.5,11.7,2,1
D26,434.29,11,-10.8,-118,-17.5,6.7,1,0
D26,448.29,11,-7.8,-119,-17.5,9.7,2,1
D26,462.29,11,-7,-121,-17.5,10.5,2,1
D26,469.29,11,-4.8,-114,-17.5,12.7,1,0
D26,476.29,11,-4.8,-118,-17.5,12.7,1,0
D26,497.29,11,-6.2,-121,-17.5,11.3,3,2
D26,504.29,11,-4.5,-120,-17.5,13,1,0
D26,511.29,10,-1,-119,-15,14,1,0
D26,518.29,9,-0.8,-115,-12.5,11.7,1,0
D26,532.29,9,-0.2,-107,-12.5,12.3,2,1
D26,560.29,10,-7,-116,-15,8,4,3
D26,616.3,12,-7.8,-121,-20,12.2,8,7
D26,623.3,12,-7.8,-121,-20,12.2,1,0
D26,630.3,12,-11.2,-121,-20,8.8,1,0
D26,637.3,12,-1,-116,-20,19,1,0
D26,651.3,9,-7,-120,-12.5,5.5,2,1
D26,742.3,10,-3.8,-118,-15,11.2,-39,0
D27,469.29,12,-7.8,-120,-20,12.2,,0
D27,490.29,12,-14.5,-121,-20,5.5,3,2
D27,497.29,12,-8.5,-121,-20,11.5,1,0
D27,504.29,12,-15.2,-125,-20,4.8,1,0
D27,511.3,12,-4.8,-120,-20,15.2,1,0
D27,539.3,12,-14.5,-119,-20,5.5,4,3
D27,588.3,12,-13.8,-86,-20,6.2,7,6
D27,609.3,11,-12.8,-121,-17.5,4.7,3,2
D28,334.18,7,4.2,-113,-7.5,11.7,,0
D28,362.18,8,-2.2,-112,-10,7.8,4,3
D28,369.18,8,-2.5,-110,-10,7.5,1,0
D28,383.18,8,7,-109,-10,17,2,1
D28,439.18,10,2.8,-113,-15,17.8,8,7
D28,446.18,8,-5.5,-111,-10,4.5,1,0
D28,453.19,8,3,-112,-10,13,1,0
D28,495.19,9,6,-115,-12.5,18.5,6,5
D28,509.19,7,5.2,-112,-7.5,12.7,2,1
D28,523.19,7,3.5,-111,-7.5,11,2,1
D28,530.19,7,5.2,-111,-7.5,12.7,1,0
D28,544.19,7,7.8,-111,-7.5,15.3,2,1
D28,558.19,7,5.2,-114,-7.5,12.7,2,1
D28,572.19,7,5.8,-113,-7.5,13.3,2,1
D28,593.19,7,2,-114,-7.5,9.5,3,2
D28,607.19,7,-1.5,-113,-7.5,6,2,1
D28,614.19,7,3.5,-114,-7.5,11,1,0
D28,621.2,7,6,-114,-7.5,13.5,1,0
D28,628.2,7,-1.8,-115,-7.5,5.7,1,0
D28,649.2,7,-1,-112,-7.5,6.5,3,2
D28,663.2,7,4,-112,-7.5,11.5,2,1
D28,698.2,8,5.5,-113,-10,15.5,5,4
D28,705.2,7,5,-109,-7.5,12.5,1,0
D28,719.2,7,3.8,-106,-7.5,11.3,2,1
D28,726.2,7,3,-113,-7.5,10.5,1,0
D28,747.2,7,5.2,-112,-7.5,12.7,3,2
D28,761.2,7,2,-113,-7.5,9.5,2,1
D29,34.99,7,-2.5,-119,-7.5,5,,0
D29,55.99,7,1.5,-112,-7.5,9,3,2
D29,76.99,7,1.5,-114,-7.5,9,3,2
D29,210.0,12,-17,-115,-20,3,-65,0
D29,217.0,12,-5.8,-106,-20,14.2,1,0
D29,224.0,11,-6.2,-119,-17.5,11.3,1,0
D29,231.0,11,2.8,-119,-17.5,20.3,1,0
D29,273.0,10,3.5,-102,-15,18.5,6,5
D29,308.0,9,5.8,-113,-12.5,18.3,5,4
D29,315.0,7,1.2,-119,-7.5,8.7,1,0
D29,329.0,7,0.2,-113,-7.5,7.7,2,1
D29,343.0,7,3.2,-117,-7.5,10.7,2,1
D29,378.01,9,-0.2,-117,-12.5,12.3,5,4
D29,413.01,10,4,-101,-15,19,5,4
D29,448.01,7,-2,-115,-7.5,5.5,5,4
D29,490.01,10,3,-90,-15,18,6,5
D29,518.01,9,2,-120,-12.5,14.5,4,3
D29,560.02,9,6.2,-108,-12.5,18.7,6,5
D29,567.02,7,3.5,-113,-7.5,11,1,0
D29,581.02,7,3.5,-111,-7.5,11,2,1
D29,630.02,9,5,-112,-12.5,17.5,7,6
D29,637.02,7,-3.2,-114,-7.5,4.3,1,0
D29,651.02,7,-3,-114,-7.5,4.5,2,1
D29,686.02,7,-4.5,-113,-7.5,3,5,4
D29,693.02,7,5.5,-111,-7.5,13,1,0
D29,728.03,8,-5.8,-119,-10,4.2,5,4
D29,756.03,8,-6.8,-123,-10,3.2,4,3
D30,353.28,7,-7.5,-112,-7.5,0,,0
D30,367.28,7,4.5,-111,-7.5,12,2,1
D30,388.29,7,2.8,-114,-7.5,10.3,5,4
D30,423.29,10,-1,-113,-15,14,6,5
D30,437.29,9,-4,-119,-12.5,8.5,2,1
D30,451.29,9,1.5,-121,-12.5,14,2,1
D30,493.29,9,4.8,-115,-12.5,17.3,6,5
D30,542.3,9,1.2,-105,-12.5,13.7,7,6
D30,556.3,7,3.2,-113,-7.5,10.7,2,1
D30,577.3,7,4,-112,-7.5,11.5,3,2
D30,626.3,9,4.5,-111,-12.5,17,7,6
D30,640.3,7,0.5,-117,-7.5,8,2,1
D30,661.3,7,1.8,-114,-7.5,9.3,3,2
D30,682.3,7,-5.5,-115,-7.5,2,3,2
D30,731.31,9,3.2,-120,-12.5,15.7,7,6
D31,732.24,12,-11.2,-117,-20,8.8,,0
D31,760.24,12,-16,-120,-20,4,4,3
D32,589.85,12,-10.8,-119,-20,9.2,,0
D32,610.85,12,-13,-121,-20,7,3,2
D32,631.85,12,-16.5,-121,-20,3.5,3,2
D33,602.93,10,-4.5,-116,-15,10.5,,0
D33,609.93,10,-0.8,-114,-15,14.2,1,0
D33,630.93,9,1.5,-118,-12.5,14,3,2
D33,644.93,8,2.5,-108,-10,12.5,2,1
D33,651.93,8,3.5,-117,-10,13.5,1,0
D33,665.93,7,4,-117,-7.5,11.5,2,1
D33,693.94,7,-0.8,-115,-7.5,6.7,4,3
D33,721.94,7,4,-113,-7.5,11.5,4,3
D33,742.94,7,7,-113,-7.5,14.5,3,2
D33,756.94,7,4.8,-114,-7.5,12.3,2,1
D34,713.79,12,-14.8,-121,-20,5.2,,0
D34,755.79,12,-11.8,-123,-20,8.2,6,5
D35,402.78,7,6,-109,-7.5,13.5,,0
D35,451.78,10,2.8,-111,-15,17.8,7,6
D35,479.78,10,0.8,-108,-15,15.8,5,4
D35,507.79,7,3,-112,-7.5,10.5,5,4
D35,514.79,7,-3,-108,-7.5,4.5,1,0
D35,521.79,7,3,-101,-7.5,10.5,1,0
D35,528.79,7,2.2,-108,-7.5,9.7,1,0
D35,535.79,7,6.8,-108,-7.5,14.3,1,0
D35,542.79,7,6.8,-111,-7.5,14.3,1,0
D35,570.79,8,-0.5,-103,-10,9.5,4,3
D35,577.79,8,9,-106,-10,19,1,0
D35,584.79,7,6.2,-109,-7.5,13.7,1,0
D35,598.79,7,6.5,-107,-7.5,14,2,1
D35,619.79,7,1,-104,-7.5,8.5,3,2
D35,626.79,7,6.5,-107,-7.5,14,1,0
D35,640.79,7,8,-104,-7.5,15.5,2,1
D35,661.79,7,8,-103,-7.5,15.5,3,2
D35,689.8,7,10.2,-107,-7.5,17.7,4,3
D35,703.8,7,6.8,-106,-7.5,14.3,2,1
D35,724.8,7,-1,-106,-7.5,6.5,3,2
D35,731.8,7,-2.2,-115,-7.5,5.3,1,0
D35,745.8,7,7.2,-105,-7.5,14.7,2,1
D35,759.8,7,-2,-118,-7.5,5.5,2,1
D36,394.32,12,-7,-120,-20,13,,0
D36,436.32,12,-10,-106,-20,10,6,5
D36,464.32,12,-5.8,-121,-20,14.2,4,3
D36,506.33,12,-8,-89,-20,12,6,5
D36,520.33,11,-4.2,-123,-17.5,13.3,2,1
D36,555.33,12,-7.8,-91,-20,12.2,5,4
D36,562.33,12,-6.5,-120,-20,13.5,1,0
D36,590.33,12,-3.5,-121,-20,16.5,4,3
D36,604.33,10,-6.2,-98,-15,8.8,2,1
D36,611.33,10,-4,-121,-15,11,1,0
D36,653.34,11,-10.5,-115,-17.5,7,6,5
D36,660.34,11,-7.5,-106,-17.5,10,1,0
D36,674.34,11,-5.2,-123,-17.5,12.3,2,1
D36,688.34,11,-6,-121,-17.5,11.5,2,1
D36,702.34,11,-9.8,-120,-17.5,7.7,2,1
D36,709.34,11,-5.5,-104,-17.5,12,1,0
D36,716.34,11,-12.5,-125,-17.5,5,1,0
D36,730.34,11,-6.2,-105,-17.5,11.3,2,1
D36,758.34,12,-10.2,-120,-20,9.8,4,3
D37,374.28,11,-5.5,-88,-17.5,12,,0
D37,395.28,11,-8.8,-119,-17.5,8.7,3,2
D37,416.28,11,-10,-111,-17.5,7.5,3,2
D37,437.28,11,-5.2,-123,-17.5,12.3,3,2
D37,444.29,11,-7.8,-119,-17.5,9.7,1,0
D37,472.29,12,-10,-121,-20,10,4,3
D37,507.29,12,-8.8,-121,-20,11.2,5,4
D37,612.3,12,-18.5,-114,-20,1.5,-24,0
D37,724.3,12,-14,-121,-20,6,4,3
D38,366.78,12,-5,-120,-20,15,,0
D38,373.78,11,-2.8,-117,-17.5,14.7,1,0
D38,380.78,10,-8.5,-121,-15,6.5,1,0
D38,415.78,11,-2,-117,-17.5,15.5,5,4
D38,422.78,10,,-116,-15,,1,0
D38,471.78,12,-6,-119,-20,14,7,6
D38,492.79,11,-2.5,-119,-17.5,15,3,2
D38,499.79,10,-6.8,-121,-15,8.2,1,0
D38,562.79,12,-11.5,-106,-20,8.5,9,8
D38,569.79,12,-9.8,-117,-20,10.2,1,0
D38,576.79,12,-11.2,-117,-20,8.8,1,0
D38,583.79,12,-6,-117,-20,14,1,0
D38,590.79,11,-9,-120,-17.5,8.5,1,0
D38,611.79,11,-7.8,-109,-17.5,9.7,3,2
D38,632.79,11,-0.2,-121,-17.5,17.3,3,2
D38,667.8,10,-0.8,-119,-15,14.2,5,4
D38,716.8,11,-1.5,-118,-17.5,16,7,6
D38,758.8,11,1.5,-120,-17.5,19,6,5
D39,366.54,12,-3.5,-114,-20,16.5,,0
D39,401.55,12,-12.2,-120,-20,7.8,6,5
D39,415.55,12,-9,-123,-20,11,2,1
D39,429.55,12,-6,-75,-20,14,2,1
D39,443.55,11,-4.8,-119,-17.5,12.7,2,1
D39,450.55,11,-8.2,-119,-17.5,9.3,1,0
D39,513.55,11,-3.8,-120,-17.5,13.7,-12,0
D39,541.55,11,-8.5,-121,-17.5,9,4,3
D39,597.56,12,-12.2,-114,-20,7.8,11,10
D39,604.56,12,-12,-125,-20,8,1,0
D39,632.56,12,-11,-121,-20,9,4,3
D39,639.56,12,-4.5,-119,-20,15.5,1,0
D39,653.56,11,-7,-121,-17.5,10.5,2,1
D39,674.56,11,-1.5,-118,-17.5,16,3,2
D39,723.57,12,-16.2,-107,-20,3.8,7,6
D39,730.57,12,-7.8,-109,-20,12.2,1,0
D39,744.57,12,-6,-119,-20,14,2,1
D39,751.57,11,-2.5,-117,-17.5,15,1,0
D39,758.57,10,-7.2,-119,-15,7.8,1,0
D40,399.42,12,-11.8,-115,-20,8.2,,0
D40,406.42,12,-5.2,-123,-20,14.8,1,0
D40,413.42,11,-10.8,-121,-17.5,6.7,1,0
D40,455.42,12,-5.5,-120,-20,14.5,6,5
D40,476.42,11,-11,-123,-17.5,6.5,3,2
D40,483.42,11,-4,-119,-17.5,13.5,1,0
D40,518.42,12,-6.2,-121,-20,13.8,5,4
D40,546.42,11,-6,-97,-17.5,11.5,4,3
D40,560.42,11,-6.8,-119,-17.5,10.7,2,1
D40,567.42,11,-3.2,-117,-17.5,14.3,1,0
D40,588.43,10,-2.5,-120,-15,12.5,3,2
D40,602.43,10,-0.2,-117,-15,14.8,2,1
D40,637.43,10,-9.5,-114,-15,5.5,5,4
D40,644.43,9,1.8,-119,-12.5,14.3,1,0
D40,700.43,12,-7,-106,-20,13,8,7
D40,707.43,11,-5,-119,-17.5,12.5,1,0
D40,721.43,11,-8.2,-120,-17.5,9.3,2,1
D40,735.43,11,-5,-121,-17.5,12.5,2,1
D40,756.44,11,-2.8,-123,-17.5,14.7,3,2
D41,432.69,12,-12.2,-120,-20,7.8,,0
D41,439.69,12,-9.2,-119,-20,10.8,1,0
D41,446.69,12,-8.2,-121,-20,11.8,1,0
D41,453.69,12,-14,-123,-20,6,1,0
D41,460.7,12,-13,-123,-20,7,1,0
D41,467.7,12,-11,-120,-20,9,1,0
D41,495.7,12,-12,-99,-20,8,4,3
D41,530.7,12,-13,-120,-20,7,5,4
D41,551.7,12,-11.8,-120,-20,8.2,3,2
D41,579.7,12,-10.8,-120,-20,9.2,4,3
D41,607.7,12,-11.5,-119,-20,8.5,4,3
D41,614.7,12,-10.5,-91,-20,9.5,1,0
D41,621.71,12,-10.8,-121,-20,9.2,1,0
D41,628.71,12,-11,-120,-20,9,1,0
D41,656.71,12,-16.2,-121,-20,3.8,4,3
D41,663.71,12,-17.2,-114,-20,2.8,1,0
D41,684.71,12,-11.8,-87,-20,8.2,3,2
D41,691.71,12,-13.8,-121,-20,6.2,1,0
D42,470.63,12,-11.8,-121,-20,8.2,,0
D42,484.64,12,-12.8,-114,-20,7.2,3,2
D43,394.17,10,0.2,-114,-15,15.2,,0
D43,429.18,11,-7.2,-109,-17.5,10.3,5,4
D43,436.18,11,-3.5,-107,-17.5,14,1,0
D43,450.18,10,-0.2,-114,-15,14.8,2,1
D43,457.18,9,2.5,-117,-12.5,15,1,0
D43,478.18,8,1.5,-115,-10,11.5,3,2
D43,492.18,8,1.5,-109,-10,11.5,2,1
D43,513.18,8,-5.5,-119,-10,4.5,3,2
D43,555.18,10,-1.8,-115,-15,13.2,6,5
D43,611.19,12,-1.2,-103,-20,18.8,8,7
D43,632.19,10,-4.8,-119,-15,10.2,3,2
D43,653.19,10,-9,-120,-15,6,3,2
D43,674.19,10,-4,-123,-15,11,3,2
D43,702.19,10,-8.5,-114,-15,6.5,4,3
D43,730.2,10,-4.5,-117,-15,10.5,4,3
D43,758.2,11,-2,-120,-17.5,15.5,4,3
D44,275.63,11,-15.2,-121,-17.5,2.3,,0
D44,681.66,12,-16.5,-119,-20,3.5,5,4
D45,380.83,10,-0.2,-116,-15,14.8,,0
D45,408.83,9,3.8,-111,-12.5,16.3,4,3
D45,436.83,8,1.2,-114,-10,11.2,4,3
D45,464.84,8,2,-114,-10,12,4,3
D45,471.84,8,7.2,-112,-10,17.2,1,0
D45,485.84,7,4.2,-106,-7.5,11.7,2,1
D45,534.84,10,1,-102,-15,16,7,6
D45,562.84,9,1.8,-117,-12.5,14.3,4,3
D45,576.84,8,8,-113,-10,18,2,1
D45,604.84,8,-1,-117,-10,9,4,3
D45,611.84,7,0.2,-114,-7.5,7.7,1,0
D45,625.84,7,3,-114,-7.5,10.5,2,1
D45,681.85,10,5.8,-109,-15,20.8,8,7
D45,688.85,7,4.5,-113,-7.5,12,1,0
D45,702.85,7,-3.5,-118,-7.5,4,2,1
D45,716.85,7,-2.2,-114,-7.5,5.3,2,1
D45,723.85,7,7,-113,-7.5,14.5,1,0
D45,730.85,7,7,-111,-7.5,14.5,1,0
D45,751.85,7,,-117,-7.5,,3,2
D46,357.59,8,-0.2,-115,-10,9.8,,0
D46,399.59,11,2.5,-117,-17.5,20,6,5
D46,434.59,10,1.5,-115,-15,16.5,5,4
D46,441.59,8,3.2,-111,-10,13.2,1,0
D46,483.6,10,2.5,-114,-15,17.5,6,5
D46,525.6,11,-3.5,-114,-17.5,14,6,5
D46,532.6,10,-0.2,-114,-15,14.8,1,0
D46,539.6,9,2,-115,-12.5,14.5,1,0
D46,574.6,9,1.8,-119,-12.5,14.3,5,4
D46,588.6,8,-0.5,-114,-10,9.5,2,1
D46,630.6,11,5.8,-105,-17.5,23.3,6,5
D46,651.6,7,4.8,-111,-7.5,12.3,3,2
D46,665.61,7,-1.2,-115,-7.5,6.3,2,1
D46,679.61,7,-3.5,-121,-7.5,4,2,1
D46,700.61,7,-2.5,-120,-7.5,5,3,2
D46,728.61,7,3.5,-114,-7.5,11,4,3
D46,735.61,7,0.8,-119,-7.5,8.3,1,0
D46,742.61,7,-6.2,-117,-7.5,1.3,1,0
D46,749.61,7,-1.2,-119,-7.5,6.3,1,0
D46,756.61,7,3.2,-115,-7.5,10.7,1,0
D47,417.91,12,-11.8,-121,-20,8.2,,0
D47,557.92,11,-12.2,-103,-17.5,5.3,-8,0
D47,585.92,11,-9.8,-121,-17.5,7.7,4,3
D47,627.92,12,-8,-105,-20,12,6,5
D47,634.92,12,-10.5,-120,-20,9.5,1,0
D47,655.92,12,-13.2,-117,-20,6.8,3,2
D47,732.93,12,-9.5,-121,-20,10.5,-11,0
D47,746.93,12,-18.2,-121,-20,1.8,2,1
D48,418.26,9,2,-119,-12.5,14.5,,0
D48,474.26,12,-10,-121,-20,10,11,10
D48,481.26,12,-2.8,-119,-20,17.2,1,0
D48,502.27,10,-4.2,-108,-15,10.8,3,2
D48,509.27,10,3.2,-113,-15,18.2,1,0
D48,537.27,9,-2,-120,-12.5,10.5,4,3
D48,558.27,9,3.5,-119,-12.5,16,3,2
D48,593.27,7,-2.5,-115,-7.5,5,5,4
D48,600.27,7,,-114,-7.5,,1,0
D48,656.28,10,1.5,-113,-15,16.5,8,7
D48,663.28,8,3.2,-115,-10,13.2,1,0
D48,677.28,7,2.2,-114,-7.5,9.7,2,1
D48,684.28,7,2.2,-115,-7.5,9.7,1,0
D48,733.28,9,-7.5,-118,-12.5,5,7,6
D48,740.28,9,-1,-117,-12.5,11.5,1,0
D48,747.28,9,4.2,-117,-12.5,16.7,1,0
D48,761.28,7,1.8,-112,-7.5,9.3,2,1
D49,372.36,11,-9.2,-123,-17.5,8.3,,0
D49,386.36,11,-6.5,-113,-17.5,11,2,1
D49,414.36,11,-7.5,-120,-17.5,10,4,3
D49,526.37,12,-9.2,-97,-20,10.8,-2,0
D49,547.37,11,-7.2,-103,-17.5,10.3,3,2
D49,561.37,11,-6,-115,-17.5,11.5,2,1
D49,575.37,11,2,-112,-17.5,19.5,2,1
D49,596.37,8,3.2,-113,-10,13.2,3,2
D49,617.37,7,-4.5,-114,-7.5,3,3,2
D49,631.37,7,1.8,-115,-7.5,9.3,2,1
D49,645.37,7,1.8,-117,-7.5,9.3,2,1
D49,652.37,7,1.8,-115,-7.5,9.3,1,0
D49,666.37,7,2.8,-118,-7.5,10.3,2,1
D49,687.37,7,-2.5,-120,-7.5,5,3,2
D49,694.38,7,,-119,-7.5,,1,0
D49,708.38,7,-1,-117,-7.5,6.5,2,1
D49,715.38,7,0.2,-115,-7.5,7.7,1,0
D49,757.38,11,-8.5,-102,-17.5,9,6,5
D50,373.0,12,-9.5,-123,-20,10.5,,0
D50,394.0,12,-8,-119,-20,12,3,2
D50,408.0,12,-10.2,-118,-20,9.8,2,1
D50,422.0,12,-6.8,-119,-20,13.2,2,1
D50,443.0,11,-5.2,-120,-17.5,12.3,4,3
D50,471.0,12,-8.8,-119,-20,11.2,5,4
D50,499.0,12,-9.5,-98,-20,10.5,4,3
D50,506.0,12,-13.2,-111,-20,6.8,1,0
D50,513.0,12,-8.5,-119,-20,11.5,1,0
D50,534.01,12,-9.5,-121,-20,10.5,3,2
D50,541.01,12,-8.2,-118,-20,11.8,1,0
D50,548.01,12,-11.8,-121,-20,8.2,1,0
D50,639.01,12,-13,-123,-20,7,-28,0
D50,653.01,12,-13.2,-120,-20,6.8,2,1
D50,688.01,12,-11.8,-119,-20,8.2,5,4
D50,702.02,12,-10,-121,-20,10,2,1
D50,716.02,12,-14.2,-123,-20,5.8,2,1
D50,744.02,12,-11,-120,-20,9,4,3
D51,372.38,12,-8.5,-119,-20,11.5,,0
D51,400.38,12,-11.2,-114,-20,8.8,4,3
D51,421.38,12,-11,-123,-20,9,3,2
D51,428.38,12,-8.8,-120,-20,11.2,1,0
D51,435.38,12,-12,-121,-20,8,1,0
D51,442.38,12,-11,-120,-20,9,1,0
D51,449.38,12,-12,-121,-20,8,1,0
D51,491.38,12,-6.8,-120,-20,13.2,6,5
D51,512.39,11,-4,-119,-17.5,13.5,3,2
D51,561.39,12,-10.8,-121,-20,9.2,7,6
D51,582.39,12,-9.2,-120,-20,10.8,3,2
D51,589.39,12,-7.2,-119,-20,12.8,1,0
D51,603.39,12,-12.2,-120,-20,7.8,2,1
D51,610.39,12,-12.2,-119,-20,7.8,1,0
D51,624.39,12,-8.2,-121,-20,11.8,2,1
D51,631.39,12,-11,-119,-20,9,1,0
D51,638.39,12,-7.8,-118,-20,12.2,1,0
D51,652.39,12,-13.2,-110,-20,6.8,2,1
D51,659.39,12,-12.5,-101,-20,7.5,1,0
D51,666.39,12,-7.8,-113,-20,12.2,1,0
D51,673.4,12,-8.2,-120,-20,11.8,1,0
D51,680.4,12,-9,-120,-20,11,1,0
D51,687.4,12,-10,-120,-20,10,1,0
D51,701.4,12,-9.8,-120,-20,10.2,2,1
D51,708.4,12,-8,-121,-20,12,1,0
D51,722.4,12,-12.5,-120,-20,7.5,2,1
D51,757.4,12,-7.5,-123,-20,12.5,5,4
D52,446.06,11,-10.8,-119,-17.5,6.7,,0
D52,467.06,11,-1.8,-117,-17.5,15.7,3,2
D52,502.06,12,-7.2,-108,-20,12.8,5,4
D52,509.06,12,-9.2,-123,-20,10.8,1,0
D52,516.06,12,-3.2,-118,-20,16.8,1,0
D52,537.06,10,-8.8,-103,-15,6.2,3,2
D52,558.07,10,-4.8,-121,-15,10.2,3,2
D52,607.07,12,-3.5,-117,-20,16.5,7,6
D52,614.07,10,0.8,-109,-15,15.8,1,0
D52,642.07,10,-1.2,-109,-15,13.8,4,3
D52,649.07,9,-3.5,-121,-12.5,9,1,0
D52,663.07,9,-3.5,-120,-12.5,9,2,1
D52,677.07,9,-2.2,-123,-12.5,10.3,2,1
D52,705.08,10,-5,-121,-15,10,4,3
D52,733.08,10,-6.2,-120,-15,8.8,4,3
D52,747.08,10,-4.2,-109,-15,10.8,2,1
D53,393.37,9,-3.8,-120,-12.5,8.7,,0
D53,463.37,12,-3.2,-117,-20,16.8,10,9
D53,484.37,10,-5,-119,-15,10,3,2
D53,491.37,10,-0.2,-116,-15,14.8,1,0
D53,540.37,12,-7,-120,-20,13,7,6
D53,547.38,11,-12.2,-101,-17.5,5.3,1,0
D53,554.38,11,-4.2,-105,-17.5,13.3,1,0
D53,582.38,11,-1.2,-117,-17.5,16.3,4,3
D53,589.38,9,-6.2,-121,-12.5,6.3,1,0
D53,638.38,12,-5.2,-120,-20,14.8,7,6
D53,652.38,11,-10.2,-118,-17.5,7.3,2,1
D53,659.38,11,1,-118,-17.5,18.5,1,0
D53,701.38,12,-2.8,-118,-20,17.2,6,5
D53,743.39,12,-10.5,-121,-20,9.5,6,5
D54,52.04,7,6.5,-113,-7.5,14,,0
D54,66.04,7,6,-105,-7.5,13.5,2,1
D54,206.05,12,2.5,-106,-20,22.5,-48,0
D54,213.05,8,9.8,-107,-10,19.8,1,0
D54,220.05,7,5.5,-111,-7.5,13,1,0
D54,241.05,7,3.5,-110,-7.5,11,3,2
D54,255.06,7,2.5,-109,-7.5,10,2,1
D54,297.06,10,2.8,-96,-15,17.8,6,5
D54,311.06,8,5.5,-107,-10,15.5,2,1
D54,318.06,7,4,-109,-7.5,11.5,1,0
D54,374.06,7,5.8,-108,-7.5,13.3,8,7
D54,388.06,7,7.2,-112,-7.5,14.7,2,1
D54,395.06,7,7.2,-101,-7.5,14.7,1,0
D54,402.06,7,3.8,-108,-7.5,11.3,1,0
D54,409.07,7,6.5,-108,-7.5,14,1,0
D54,423.07,7,-3.2,-112,-7.5,4.3,2,1
D54,430.07,7,5,-107,-7.5,12.5,1,0
D54,451.07,7,2.2,-105,-7.5,9.7,3,2
D54,458.07,7,5.2,-110,-7.5,12.7,1,0
D54,472.07,7,-0.5,-113,-7.5,7,2,1
D54,500.07,7,7.5,-101,-7.5,15,4,3
D54,514.07,7,4.2,-114,-7.5,11.7,2,1
D54,535.07,7,6.2,-113,-7.5,13.7,3,2
D54,549.07,7,-3.5,-113,-7.5,4,2,1
D54,563.07,7,4.2,-102,-7.5,11.7,2,1
D54,598.08,8,2.8,-102,-10,12.8,5,4
D54,605.08,8,1,-103,-10,11,1,0
D54,612.08,8,6.2,-101,-10,16.2,1,0
D54,619.08,7,-2,-105,-7.5,5.5,1,0
D54,633.08,7,7.2,-108,-7.5,14.7,2,1
D54,640.08,7,5.5,-111,-7.5,13,1,0
D54,654.08,7,3,-111,-7.5,10.5,2,1
D54,661.08,7,3,-110,-7.5,10.5,1,0
D54,675.08,7,7.5,-111,-7.5,15,2,1
D54,689.08,7,5.2,-104,-7.5,12.7,2,1
D54,696.08,7,5.8,-112,-7.5,13.3,1,0
D54,710.08,7,6.5,-105,-7.5,14,2,1
D54,724.08,7,2.8,-114,-7.5,10.3,2,1
D54,745.09,7,1.2,-115,-7.5,8.7,3,2
D54,759.09,7,3.8,-114,-7.5,11.3,2,1
D55,349.43,12,-10.5,-119,-20,9.5,,0
D55,356.43,12,-6.8,-121,-20,13.2,1,0
D55,391.43,12,-8.8,-120,-20,11.2,5,4
D55,412.43,11,-6.2,-120,-17.5,11.3,3,2
D55,419.43,11,-7.2,-119,-17.5,10.3,1,0
D55,440.43,11,-13.5,-106,-17.5,4,3,2
D55,447.43,11,-9,-120,-17.5,8.5,1,0
D55,482.43,12,-11,-123,-20,9,5,4
D55,489.43,12,-4,-117,-20,16,1,0
D55,517.44,11,-5,-121,-17.5,12.5,4,3
D55,531.44,11,-11,-121,-17.5,6.5,2,1
D55,538.44,11,-4.8,-120,-17.5,12.7,1,0
D55,566.44,11,-9,-109,-17.5,8.5,4,3
D55,601.44,12,-7.5,-113,-20,12.5,5,4
D55,615.44,12,-3.5,-117,-20,16.5,2,1
D55,657.44,12,-6.5,-120,-20,13.5,6,5
D55,671.45,12,-7.5,-123,-20,12.5,5,4
D55,706.45,11,-6,-120,-17.5,11.5,5,4
D55,755.45,12,-8.2,-123,-20,11.8,7,6
D56,393.31,12,-13,-115,-20,7,,0
D56,400.31,12,-10,-110,-20,10,1,0
D56,435.31,12,-9,-120,-20,11,5,4
D56,449.31,12,-12.2,-120,-20,7.8,2,1
D56,456.31,12,-5.2,-121,-20,14.8,1,0
D56,463.31,11,-9.5,-113,-17.5,8,1,0
D56,484.32,11,-6.8,-120,-17.5,10.7,3,2
D56,491.32,11,-3.2,-109,-17.5,14.3,1,0
D56,519.32,11,-7.2,-123,-17.5,10.3,4,3
D56,575.32,12,-6.5,-91,-20,13.5,8,7
D56,582.32,11,-1,-118,-17.5,16.5,1,0
D56,596.32,9,-0.5,-113,-12.5,12,2,1
D56,631.32,11,-4,-121,-17.5,13.5,5,4
D56,659.33,10,-4.2,-119,-15,10.8,4,3
D56,687.33,11,-6,-120,-17.5,11.5,4,3
D56,729.33,12,-3,-121,-20,17,6,5
D57,736.37,12,-2.5,-117,-20,17.5,,0
D57,757.37,10,-0.5,-119,-15,14.5,3,2
D58,351.35,11,-5.5,-115,-17.5,12,,0
D58,365.36,11,-6.5,-121,-17.5,11,2,1
D58,372.36,11,-7.5,-119,-17.5,10,1,0
D58,400.36,12,-8.5,-120,-20,11.5,4,3
D58,407.36,12,-9.5,-120,-20,10.5,1,0
D58,414.36,12,-12.5,-121,-20,7.5,1,0
D58,421.36,12,-13,-123,-20,7,1,0
D58,435.36,12,-2.5,-120,-20,17.5,2,1
D58,463.36,11,-3,-120,-17.5,14.5,4,3
D58,519.36,12,-6,-121,-20,14,8,7
D58,533.37,11,-14.2,-120,-17.5,3.3,2,1
D58,540.37,11,-8.5,-121,-17.5,9,1,0
D58,652.37,12,-11.5,-121,-20,8.5,-26,0
D58,673.37,11,-5,-121,-17.5,12.5,3,2
D58,722.38,12,-7.5,-119,-20,12.5,7,6
D58,736.38,12,-6.2,-121,-20,13.8,2,1
D59,388.58,12,-13.2,-121,-20,6.8,,0
D59,430.58,12,-13.8,-115,-20,6.2,-7,0
D59,451.59,12,-15.2,-118,-20,4.8,3,2
D59,458.59,12,-12.8,-111,-20,7.2,1,0
D59,570.59,12,-11.5,-117,-20,8.5,4,3
D59,591.59,12,-9.5,-120,-20,10.5,3,2
D59,605.6,12,-5.8,-121,-20,14.2,2,1
D59,647.6,12,-12.5,-121,-20,7.5,6,5
D59,654.6,11,-1.2,-117,-17.5,16.3,1,0
D59,682.6,9,-4,-119,-12.5,8.5,4,3
D59,724.6,11,-11.5,-121,-17.5,6,6,5
